episode,level,reward,steps,loss,epsilon
1,1,43.0,309,0.7825559973716736,1.0
2,1,325.0,234,1.557471513748169,0.995
3,1,67.5,328,0.0038743913173675537,0.990025
4,1,13.0,44,0.00498582050204277,0.985074875
