episode,level,reward,steps,loss,epsilon
1,3,30.0,181,0.8831824660301208,1.0
2,3,-43.5,100,0.8445872664451599,0.995
3,3,-51.0,99,0.834287166595459,0.990025
4,3,-40.0,109,0.08595726639032364,0.985074875
5,3,-31.5,108,1.6122899055480957,0.9801495006250001
6,3,403.5,341,2.3817942142486572,0.9752487531218751
7,3,85.0,266,0.10476191341876984,0.9703725093562657
8,3,118.5,144,0.029297616332769394,0.9655206468094844
