episode,level,reward,steps,loss,epsilon
1,4,512.5,404,2.2789621353149414,1.0
2,4,425.0,402,0.05845366045832634,0.995
3,4,323.0,386,1.6026743650436401,0.990025
4,4,57.0,196,0.11900434643030167,0.985074875
5,4,32.0,68,0.07894431054592133,0.9801495006250001
